No,Line,Tray,Time_Start,Time_End,Remarks1,Time_Start2,Time_End2,Remark2,Early,Late,Difference,Callus
1,1_1,1,,,,16:54,,,16:54:00,16:54:00,0:00:00,3
2,1_1,2,15:50,,,17:00,,,15:50:00,17:00:00,1:10:00,5
3,1_1,3,17:06,,,,,,17:06:00,17:06:00,0:00:00,
4,1_1,4,14:15,,,,,,14:15:00,14:15:00,0:00:00,5
5,1_1,5,16:32,,,16:14,,,16:14:00,16:32:00,0:18:00,3
6,1_1,6,16:41,,,,,,16:41:00,16:41:00,0:00:00,4
7,1_1,7,15:31,,,14:48,,,14:48:00,15:31:00,0:43:00,5
8,1_1,8,16:23,,,15:33,,,15:33:00,16:23:00,0:50:00,2
9,1_1,9,17:32,,,,,,17:32:00,17:32:00,0:00:00,1
10,1_1,10,15:38,,,14:26,,,14:26:00,15:38:00,1:12:00,5
11,1_1,11,16:13,,,16:00,,,16:00:00,16:13:00,0:13:00,1
12,1_1,12,16:35,,,,,,16:35:00,16:35:00,0:00:00,2
13,1_1,13,16:06,,,15:56,,,15:56:00,16:06:00,0:10:00,5
14,1_1,14,15:43,,,16:49,,,15:43:00,16:49:00,1:06:00,5
15,1_1,15,15:13,,,14:51,,,14:51:00,15:13:00,0:22:00,1
16,1_1,16,17:26,,,,,,17:26:00,17:26:00,0:00:00,4
17,1_1,1,,,,,,,,,,4
18,1_1,2,16:15,,,15:49,,,15:49:00,16:15:00,0:26:00,5
19,1_1,3,16:00,,,15:39,,,15:39:00,16:00:00,0:21:00,4
20,1_1,4,15:22,,,,,,15:22:00,15:22:00,0:00:00,2
21,1_1,5,17:37,,,16:08,,,16:08:00,17:37:00,1:29:00,1
22,1_1,6,17:26,,,17:09,,,17:09:00,17:26:00,0:17:00,4
23,1_1,7,16:11,,,,,,16:11:00,16:11:00,0:00:00,1
24,1_1,8,16:42,,,15:13,,,15:13:00,16:42:00,1:29:00,5
25,1_1,9,17:22,,,14:13,,,14:13:00,17:22:00,3:09:00,5
26,1_1,10,16:56,,,,,,16:56:00,16:56:00,0:00:00,2
27,1_1,11,15:55,,,14:57,,,14:57:00,15:55:00,0:58:00,1
28,1_1,12,,,,16:40,,,16:40:00,16:40:00,0:00:00,5
29,1_1,13,16:07,,,,,,16:07:00,16:07:00,0:00:00,1
30,1_1,14,16:48,,,14:52,,,14:52:00,16:48:00,1:56:00,1
31,1_1,15,15:26,,,15:30,,,15:26:00,15:30:00,0:04:00,1
32,1_1,16,15:57,,,16:57,,,15:57:00,16:57:00,1:00:00,5
33,1_1,1,16:19,,,17:38,,,16:19:00,17:38:00,1:19:00,4
34,1_1,2,16:15,,,,,,16:15:00,16:15:00,0:00:00,5
35,1_1,3,15:29,,,16:53,,,15:29:00,16:53:00,1:24:00,1
36,1_1,4,15:59,,,,,,15:59:00,15:59:00,0:00:00,2
37,1_1,5,,,,17:43,,,17:43:00,17:43:00,0:00:00,1
38,1_1,6,15:46,,,,,,15:46:00,15:46:00,0:00:00,1
39,1_1,7,15:53,,,,,,15:53:00,15:53:00,0:00:00,2
40,1_1,8,,,,16:45,,,16:45:00,16:45:00,0:00:00,5
41,1_1,9,16:54,,,,,,16:54:00,16:54:00,0:00:00,4
42,1_1,10,,,,15:26,,,15:26:00,15:26:00,0:00:00,1
43,1_1,11,16:03,,,15:34,,,15:34:00,16:03:00,0:29:00,4
44,1_1,12,,,,,,,,,,1
45,1_1,13,15:41,,,,,,15:41:00,15:41:00,0:00:00,4
46,1_1,14,16:29,,,,,,16:29:00,16:29:00,0:00:00,4
47,1_1,15,15:58,,,,,,15:58:00,15:58:00,0:00:00,2
48,1_1,16,15:38,,,16:52,,,15:38:00,16:52:00,1:14:00,2
49,1_1,1,16:55,,,15:01,,Calling,15:01:00,16:55:00,1:54:00,1
50,1_1,2,,,,,,,,,,2
51,1_1,3,,,,15:38,,,15:38:00,15:38:00,0:00:00,5
52,1_1,4,,,,16:05,,,16:05:00,16:05:00,0:00:00,5
53,1_1,5,16:54,,,16:43,,,16:43:00,16:54:00,0:11:00,5
54,1_1,6,16:24,,,,,,16:24:00,16:24:00,0:00:00,1
55,1_1,7,15:37,,,,,,15:37:00,15:37:00,0:00:00,2
56,1_1,8,16:34,,,,,,16:34:00,16:34:00,0:00:00,2
57,1_1,9,16:33,,,17:09,,,16:33:00,17:09:00,0:36:00,1
58,1_1,10,,,,15:42,,,15:42:00,15:42:00,0:00:00,2
59,1_1,11,,,,,,,,,,4
60,1_1,12,15:54,,,14:50,,,14:50:00,15:54:00,1:04:00,5
61,1_1,13,15:26,,,15:09,,Calling,15:09:00,15:26:00,0:17:00,1
62,1_1,14,16:17,,,15:42,,,15:42:00,16:17:00,0:35:00,5
63,1_1,15,16:30,,,16:03,,,16:03:00,16:30:00,0:27:00,5
64,1_1,16,15:49,,,,,,15:49:00,15:49:00,0:00:00,1
65,1_1,1,,,,15:18,,,15:18:00,15:18:00,0:00:00,5
66,1_1,2,16:15,,,14:12,,,14:12:00,16:15:00,2:03:00,4
67,1_1,3,15:34,,,15:58,,,15:34:00,15:58:00,0:24:00,5
68,1_1,4,15:52,,,,,,15:52:00,15:52:00,0:00:00,1
69,1_1,5,17:02,,,16:07,,,16:07:00,17:02:00,0:55:00,2
70,1_1,6,16:24,,,14:00,,,14:00:00,16:24:00,2:24:00,1
71,1_1,7,,,,,,,,,,4
72,1_1,8,17:45,,,,,,17:45:00,17:45:00,0:00:00,4
73,1_1,9,,,,14:56,,,14:56:00,14:56:00,0:00:00,3
74,1_1,10,16:37,,,,,,16:37:00,16:37:00,0:00:00,1
75,1_1,11,,,,,,,,,,2
76,1_1,12,,,,,,,,,,4
77,1_1,13,16:05,,,15:51,,,15:51:00,16:05:00,0:14:00,1
78,1_1,14,17:12,,,,,,17:12:00,17:12:00,0:00:00,4
79,1_1,15,16:50,,,15:36,,,15:36:00,16:50:00,1:14:00,3
80,R2,16,,,,,,,,,,4
81,1_1,1,16:45,,,,,,16:45:00,16:45:00,0:00:00,2
82,1_1,2,16:25,,,,,,16:25:00,16:25:00,0:00:00,4
83,1_2,3,16:48,,,15:19,,,15:19:00,16:48:00,1:29:00,5
84,1_2,4,15:51,,,,,,15:51:00,15:51:00,0:00:00,5
85,1_2,5,,,,16:32,,,16:32:00,16:32:00,0:00:00,5
86,1_3,6,16:24,,,15:56,,,15:56:00,16:24:00,0:28:00,4
87,1_3,7,16:34,,,16:45,,,16:34:00,16:45:00,0:11:00,5
88,1_3,8,16:25,,,16:18,,,16:18:00,16:25:00,0:07:00,4
89,1_3,9,16:35,,,16:50,,,16:35:00,16:50:00,0:15:00,
90,1_3,10,14:41,,,14:59,,,14:41:00,14:59:00,0:18:00,3
91,1_3,11,15:40,,,,,,15:40:00,15:40:00,0:00:00,5
92,1_3,12,14:06,,,,,,14:06:00,14:06:00,0:00:00,5
93,1_3,13,,,,,,,,,,4
94,1_3,14,,,,14:42,,,14:42:00,14:42:00,0:00:00,3
95,1_3,15,16:43,,,15:47,,,15:47:00,16:43:00,0:56:00,4
96,1_3,16,14:45,,,,,,14:45:00,14:45:00,0:00:00,5
97,1_3,1,,,,,,,,,,5
98,1_3,2,,,,,,,,,,4
99,1_3,3,16:21,,,,,,16:21:00,16:21:00,0:00:00,5
100,1_3,4,15:15,,,,,,15:15:00,15:15:00,0:00:00,5
101,1_3,5,16:32,,,,,,16:32:00,16:32:00,0:00:00,4
102,1_3,6,16:53,,,16:09,,,16:09:00,16:53:00,0:44:00,4
103,1_3,7,16:34,,,15:33,,,15:33:00,16:34:00,1:01:00,5
104,1_3,8,16:23,,,,,,16:23:00,16:23:00,0:00:00,5
105,1_3,9,17:58,,,17:20,,,17:20:00,17:58:00,0:38:00,4
106,1_3,10,15:38,,,14:49,,,14:49:00,15:38:00,0:49:00,5
107,1_3,11,15:38,,,,,,15:38:00,15:38:00,0:00:00,4
108,1_3,12,15:07,,,,,,15:07:00,15:07:00,0:00:00,5
109,1_3,13,14:33,,,16:31,,,14:33:00,16:31:00,1:58:00,5
110,1_3,14,,,,17:10,,,17:10:00,17:10:00,0:00:00,4
111,1_3,15,15:01,,,14:44,,Calling,14:44:00,15:01:00,0:17:00,5
112,1_3,16,16:58,,,,,,16:58:00,16:58:00,0:00:00,5
113,1_3,1,16:06,,,,,,16:06:00,16:06:00,0:00:00,
114,1_3,2,15:44,,,15:03,,,15:03:00,15:44:00,0:41:00,5
115,1_3,3,16:39,,,17:21,,,16:39:00,17:21:00,0:42:00,4
116,1_3,4,14:19,,,,,,14:19:00,14:19:00,0:00:00,5
117,1_3,5,,,,16:57,,,16:57:00,16:57:00,0:00:00,5
118,1_3,6,,,,,,,,,,4
119,1_3,7,,,,16:07,,,16:07:00,16:07:00,0:00:00,4
120,1_3,8,17:04,,,,,,17:04:00,17:04:00,0:00:00,5
121,1_3,9,17:25,,,,,,17:25:00,17:25:00,0:00:00,5
122,1_3,10,15:24,,,,,,15:24:00,15:24:00,0:00:00,5
123,1_3,11,16:36,,,15:39,,,15:39:00,16:36:00,0:57:00,5
124,1_3,12,16:03,,,14:10,,Calling,14:10:00,16:03:00,1:53:00,4
125,1_3,13,15:57,,,17:00,,Calling 14:45,15:57:00,17:00:00,1:03:00,4
126,1_3,14,16:28,,,16:09,,,16:09:00,16:28:00,0:19:00,4
127,1_3,15,16:03,,,17:23,,,16:03:00,17:23:00,1:20:00,5
128,1_3,16,14:16,,,14:04,,,14:04:00,14:16:00,0:12:00,5
129,1_3,1,,,,,,,,,,5
130,1_3,2,,,,,,,,,,4
131,1_3,3,15:14,,,,,,15:14:00,15:14:00,0:00:00,5
132,R2,4,16:37,,,15:20,,,15:20:00,16:37:00,1:17:00,5
133,R2,5,,,,15:57,,,15:57:00,15:57:00,0:00:00,1
134,1_3,6,17:26,,,17:07,,,17:07:00,17:26:00,0:19:00,4
135,1_3,7,16:11,,,16:44,,,16:11:00,16:44:00,0:33:00,5
136,1_3,8,16:02,,,17:30,,,16:02:00,17:30:00,1:28:00,5
137,R2,9,,,,,,,,,,5
138,1_3,10,15:38,,,,,,15:38:00,15:38:00,0:00:00,5
139,1_3,11,16:03,,,15:39,,,15:39:00,16:03:00,0:24:00,4
140,1_3,12,,,,,,,,,,4
141,1_3,13,,,,16:47,,Calling 15:29,16:47:00,16:47:00,0:00:00,4
142,R2,14,16:57,,,16:48,,,16:48:00,16:57:00,0:09:00,4
143,1_3,15,15:26,,,16:02,,,15:26:00,16:02:00,0:36:00,4
144,1_3,16,15:13,,,,,,15:13:00,15:13:00,0:00:00,5
145,1_3,1,,,,16:01,,,16:01:00,16:01:00,0:00:00,4
146,1_3,2,16:49,,1 dead female,16:04,,,16:04:00,16:49:00,0:45:00,5
147,R2,3,,,,,,,,,,5
148,1_3,4,16:20,,,15:11,,,15:11:00,16:20:00,1:09:00,4
149,1_3,5,16:10,,,16:44,,,16:10:00,16:44:00,0:34:00,4
150,1_3,6,16:38,,,15:56,,,15:56:00,16:38:00,0:42:00,4
151,1_3,7,17:26,,,,,,17:26:00,17:26:00,0:00:00,5
152,1_4,8,,,,17:23,,,17:23:00,17:23:00,0:00:00,5
153,1_4,9,14:39,,,,,,14:39:00,14:39:00,0:00:00,5
154,1_5,10,14:39,,Calling,14:11,,Calling,14:11:00,14:39:00,0:28:00,3
155,1_5,11,14:06,,,14:58,,Calling,14:06:00,14:58:00,0:52:00,2
156,1_5,12,15:54,,,14:29,,,14:29:00,15:54:00,1:25:00,4
157,1_5,13,15:49,,,15:46,,,15:46:00,15:49:00,0:03:00,1
158,1_5,14,15:27,,,14:42,,,14:42:00,15:27:00,0:45:00,4
159,1_5,15,14:19,,,15:44,,Calling,14:19:00,15:44:00,1:25:00,1
160,1_5,16,15:01,,,14:32,,,14:32:00,15:01:00,0:29:00,1
161,1_5,1,,,,14:18,,,14:18:00,14:18:00,0:00:00,4
162,1_5,2,15:20,,,,,,15:20:00,15:20:00,0:00:00,4
163,1_5,3,15:21,,,15:39,,Calling 14:46,15:21:00,15:39:00,0:18:00,2
164,1_5,4,16:10,,,15:52,,,15:52:00,16:10:00,0:18:00,
165,1_5,5,15:46,,,14:01,,,14:01:00,15:46:00,1:45:00,3
166,1_5,6,,,,,,,,,,3
167,1_5,7,15:53,,,14:48,,,14:48:00,15:53:00,1:05:00,2
168,1_5,8,14:30,,,15:41,,Calling 14:14,14:30:00,15:41:00,1:11:00,3
169,1_5,9,,,,14:16,,,14:16:00,14:16:00,0:00:00,4
170,1_5,10,15:24,,,14:11,,Calling,14:11:00,15:24:00,1:13:00,2
171,1_5,11,16:59,,,,,,16:59:00,16:59:00,0:00:00,1
172,1_5,12,16:38,,,15:27,,,15:27:00,16:38:00,1:11:00,1
173,1_5,13,14:28,,,14:05,,,14:05:00,14:28:00,0:23:00,2
174,1_5,14,15:56,,,15:29,,Calling,15:29:00,15:56:00,0:27:00,2
175,1_5,15,,,Moribund,,,,,,,
176,1_5,16,,,,14:51,,,14:51:00,14:51:00,0:00:00,4
177,1_5,1,17:12,,,17:19,,Calling 16:13,17:12:00,17:19:00,0:07:00,2
178,1_5,2,15:44,,,,,,15:44:00,15:44:00,0:00:00,2
179,1_5,3,14:46,,,,,,14:46:00,14:46:00,0:00:00,3
180,1_5,4,,,,,,,,,,2
181,1_5,5,16:41,,,16:58,,,16:41:00,16:58:00,0:17:00,3
182,R2,6,17:43,,,,,,17:43:00,17:43:00,0:00:00,4
183,R2,7,17:49,,,16:15,,,16:15:00,17:49:00,1:34:00,3
184,R2,8,16:26,,,,,,16:26:00,16:26:00,0:00:00,1
185,R3,9,17:25,,,17:13,,,17:13:00,17:25:00,0:12:00,4
186,R3,10,14:30,,,,,,14:30:00,14:30:00,0:00:00,3
187,R3,11,,,,16:38,,,16:38:00,16:38:00,0:00:00,2
188,R3,12,,,,17:32,,,17:32:00,17:32:00,0:00:00,1
189,R3,13,,,,16:59,,,16:59:00,16:59:00,0:00:00,4
190,R3,14,16:52,,,,,,16:52:00,16:52:00,0:00:00,4
191,R3,15,16:58,,,,,,16:58:00,16:58:00,0:00:00,4
192,R3,16,17:24,,,16:56,,,16:56:00,17:24:00,0:28:00,4
193,R3,1,,,,,,,,,,4
194,R3,2,17:44,,,16:34,,,16:34:00,17:44:00,1:10:00,5
195,R3,3,17:07,,,,,,17:07:00,17:07:00,0:00:00,5
196,R3,4,16:09,,,,,,16:09:00,16:09:00,0:00:00,4
197,R3,5,,,,16:57,,,16:57:00,16:57:00,0:00:00,4
198,R3,6,,,,,,,,,,5
199,R3,7,17:22,,,,,,17:22:00,17:22:00,0:00:00,5
200,R3,8,17:18,,,16:58,,,16:58:00,17:18:00,0:20:00,4
201,R3,9,17:49,,,17:10,,,17:10:00,17:49:00,0:39:00,5
202,R3,10,16:27,,,,,,16:27:00,16:27:00,0:00:00,5
203,R3,11,,,,,,,,,,5
204,R2,12,17:08,,,,,,17:08:00,17:08:00,0:00:00,5
205,R2,13,16:36,,,17:07,,,16:36:00,17:07:00,0:31:00,5
206,R3,14,16:06,,,,,,16:06:00,16:06:00,0:00:00,5
207,R3,15,16:30,,,16:51,,,16:30:00,16:51:00,0:21:00,5
208,R2,16,15:04,,,,,,15:04:00,15:04:00,0:00:00,5
209,R2,1,,,,,,,,,,3
210,R2,2,16:58,,,16:27,,,16:27:00,16:58:00,0:31:00,4
211,R2,3,16:21,,,16:55,,,16:21:00,16:55:00,0:34:00,4
212,R2,4,16:20,,,,,,16:20:00,16:20:00,0:00:00,4
213,R2,5,15:35,,,16:43,,,15:35:00,16:43:00,1:08:00,4
214,R2,6,16:31,,,17:29,,,16:31:00,17:29:00,0:58:00,4
215,R2,7,17:00,,,16:50,,,16:50:00,17:00:00,0:10:00,5
216,R2,8,17:45,,,17:21,,,17:21:00,17:45:00,0:24:00,4
217,R2,9,,,,16:49,,,16:49:00,16:49:00,0:00:00,5
218,R2,10,16:13,,,17:16,,,16:13:00,17:16:00,1:03:00,4
219,R2,11,,,,,,,,,,4
220,R2,12,15:47,,,,,,15:47:00,15:47:00,0:00:00,1
221,R2,13,,,,16:21,,,16:21:00,16:21:00,0:00:00,1
222,R2,14,,,,17:37,,Calling 15:29,17:37:00,17:37:00,0:00:00,1
223,R2,15,,,,,,,,,,4
224,R2,16,16:54,,,,,,16:54:00,16:54:00,0:00:00,3
225,R2,1,17:21,,,,,,17:21:00,17:21:00,0:00:00,4
226,R2,2,17:23,,,,,,17:23:00,17:23:00,0:00:00,4
227,R2,3,,,,16:55,,,16:55:00,16:55:00,0:00:00,4
228,R2,4,16:09,,,,,,16:09:00,16:09:00,0:00:00,1
229,R2,5,16:42,,,16:44,,,16:42:00,16:44:00,0:02:00,3
230,R2,6,17:44,,,17:28,,,17:28:00,17:44:00,0:16:00,2
231,R2,7,17:42,,,17:33,,,17:33:00,17:42:00,0:09:00,4
232,R2,8,16:34,,,,,,16:34:00,16:34:00,0:00:00,4
233,R2,9,17:18,,,17:13,,,17:13:00,17:18:00,0:05:00,5
234,R2,10,17:23,,,,,,17:23:00,17:23:00,0:00:00,1
235,R2,11,16:36,,,16:46,,,16:36:00,16:46:00,0:10:00,4
236,R2,12,,,,,,,,,,4
237,R2,13,,,,17:04,,,17:04:00,17:04:00,0:00:00,4
238,R2,14,,,,,,,,,,4
239,R2,15,15:58,,,,,,15:58:00,15:58:00,0:00:00,5
240,R2,16,,,,15:52,,,15:52:00,15:52:00,0:00:00,4
241,R2,1,16:33,,,16:22,,,16:22:00,16:33:00,0:11:00,4
242,R2,2,,,,16:52,,,16:52:00,16:52:00,0:00:00,4
243,R2,3,,,,17:03,,,17:03:00,17:03:00,0:00:00,4
244,R2,4,15:51,,,17:22,,,15:51:00,17:22:00,1:31:00,2
245,R2,5,15:10,,,15:05,,,15:05:00,15:10:00,0:05:00,2
246,R2,6,17:49,,,17:17,,,17:17:00,17:49:00,0:32:00,1
247,R2,7,,,,17:30,,,17:30:00,17:30:00,0:00:00,1
248,R2,8,17:47,,,17:22,,,17:22:00,17:47:00,0:25:00,5
249,R2,9,17:17,,,,,,17:17:00,17:17:00,0:00:00,4
250,R2,10,16:38,,,16:47,,,16:38:00,16:47:00,0:09:00,4
251,R2,11,17:26,,,17:01,,,17:01:00,17:26:00,0:25:00,4
252,R2,12,,,,17:14,,,17:14:00,17:14:00,0:00:00,4
253,R2,13,,,,,,,,,,4
254,R2,14,,,,,,,,,,4
255,R2,15,16:07,,,16:20,,,16:07:00,16:20:00,0:13:00,1
256,R2,16,15:33,,,16:00,,,15:33:00,16:00:00,0:27:00,4
257,R2,1,,,,,,,,,,5
258,R2,2,,,,,,,,,,4
259,R2,3,,,Empty,,,,,,,
260,R2,4,16:34,,,,,,16:34:00,16:34:00,0:00:00,4
261,R2,5,16:41,,,15:47,,,15:47:00,16:41:00,0:54:00,3
262,R2,6,18:03,,,17:35,,,17:35:00,18:03:00,0:28:00,4
263,R2,7,17:01,,,,,,17:01:00,17:01:00,0:00:00,5
264,R2,8,,,,,,,,,,4
265,R2,9,,,,17:33,,,17:33:00,17:33:00,0:00:00,4
266,R2,10,16:04,,,16:01,,,16:01:00,16:04:00,0:03:00,5
267,R2,11,,,,17:28,,,17:28:00,17:28:00,0:00:00,4
268,R2,12,,,,16:59,,,16:59:00,16:59:00,0:00:00,4
269,R2,13,15:56,,,16:49,,,15:56:00,16:49:00,0:53:00,4
270,R2,14,16:53,,,,,,16:53:00,16:53:00,0:00:00,5
271,R2,15,16:34,,,,,,16:34:00,16:34:00,0:00:00,4
272,R2,16,16:38,,,17:19,,,16:38:00,17:19:00,0:41:00,4
273,R2,1,16:35,,,,,,16:35:00,16:35:00,0:00:00,4
274,R2,2,16:30,,,16:34,,,16:30:00,16:34:00,0:04:00,1
275,R2,3,16:39,,,17:01,,,16:39:00,17:01:00,0:22:00,4
276,R2,4,15:45,,,,,,15:45:00,15:45:00,0:00:00,5
277,R2,5,15:35,,,,,,15:35:00,15:35:00,0:00:00,1
278,R2,6,,,,,,,,,,4
279,R2,7,16:50,,,16:33,,,16:33:00,16:50:00,0:17:00,5
280,R2,8,,,,17:52,,,17:52:00,17:52:00,0:00:00,4
281,R2,9,17:24,,,17:20,,,17:20:00,17:24:00,0:04:00,4
282,R2,10,16:27,,,,,,16:27:00,16:27:00,0:00:00,5
283,R2,11,,,,,,,,,,4
284,R2,12,,,,17:27,,,17:27:00,17:27:00,0:00:00,5
285,R2,13,17:05,,,,,,17:05:00,17:05:00,0:00:00,4
286,R2,14,,,,15:43,,,15:43:00,15:43:00,0:00:00,4
287,R2,15,16:49,,,17:10,,,16:49:00,17:10:00,0:21:00,1
288,R2,16,16:40,,,,,,16:40:00,16:40:00,0:00:00,4
289,R2,1,17:46,,,,,,17:46:00,17:46:00,0:00:00,1
290,R2,2,,,,,,,,,,1
291,R2,3,14:48,,,,,,14:48:00,14:48:00,0:00:00,5
292,R2,4,16:20,,,,,,16:20:00,16:20:00,0:00:00,5
293,R2,5,,,,,,,,,,4
294,R2,6,17:43,,,17:35,,,17:35:00,17:43:00,0:08:00,4
295,R2,7,,,,,,,,,,5
296,R2,8,16:12,,,15:46,,,15:46:00,16:12:00,0:26:00,1
297,R2,9,16:51,,,16:11,,,16:11:00,16:51:00,0:40:00,4
298,R2,10,16:09,,,16:47,,,16:09:00,16:47:00,0:38:00,4
299,R2,11,16:37,,,,,,16:37:00,16:37:00,0:00:00,4
1,1_1,1,,,,,,,,,,5
2,1_1,2,14:30,,,,,,14:30:00,14:30:00,0:00:00,
3,1_1,3,15:28,,,,,,15:28:00,15:28:00,0:00:00,5
4,1_1,4,14:16,,,,,,14:16:00,14:16:00,0:00:00,
5,1_1,5,15:14,,,,,,15:14:00,15:14:00,0:00:00,5
6,1_1,6,16:57,,,14:47,,,14:47:00,16:57:00,2:10:00,5
7,1_1,7,14:26,,,,,,14:26:00,14:26:00,0:00:00,
8,1_1,8,14:30,,,,,,14:30:00,14:30:00,0:00:00,
9,1_1,9,14:59,,,,,,14:59:00,14:59:00,0:00:00,
10,1_1,10,14:29,,,,,,14:29:00,14:29:00,0:00:00,
11,1_1,11,13:40,,,,,,13:40:00,13:40:00,0:00:00,1
12,1_1,12,14:31,,,,,,14:31:00,14:31:00,0:00:00,
13,1_1,13,14:34,,,,,,14:34:00,14:34:00,0:00:00,
14,1_1,14,15:06,,,,,,15:06:00,15:06:00,0:00:00,1
15,1_1,15,13:40,,,,,,13:40:00,13:40:00,0:00:00,
16,1_1,16,16:00,,,,,,16:00:00,16:00:00,0:00:00,5
17,1_1,17,,,,,,,,,,4
18,1_1,18,13:55,,,,,,13:55:00,13:55:00,0:00:00,
19,1_1,19,14:30,,,,,,14:30:00,14:30:00,0:00:00,
20,1_1,20,14:30,,,,,,14:30:00,14:30:00,0:00:00,
21,1_1,21,,,,17:07,,,17:07:00,17:07:00,0:00:00,5
22,1_1,22,14:59,,,14:06,,,14:06:00,14:59:00,0:53:00,
23,1_1,23,,,,,,,,,,1
24,1_1,1,13:40,,,,,,13:40:00,13:40:00,0:00:00,
25,1_1,2,14:34,,,,,,14:34:00,14:34:00,0:00:00,
26,1_1,3,,,,,,,,,,2
27,1_1,4,13:47,,,,,,13:47:00,13:47:00,0:00:00,
28,1_1,5,14:05,,,,,,14:05:00,14:05:00,0:00:00,
29,1_1,6,,,,,,,,,,5
30,1_1,7,13:47,,,,,,13:47:00,13:47:00,0:00:00,
31,1_1,8,14:11,,,16:20,,,14:11:00,16:20:00,2:09:00,1
32,1_1,9,13:47,,,,,,13:47:00,13:47:00,0:00:00,
33,1_1,10,15:06,,,,,,15:06:00,15:06:00,0:00:00,4
34,1_1,11,14:59,,,,,,14:59:00,14:59:00,0:00:00,
35,1_1,12,14:05,,,,,,14:05:00,14:05:00,0:00:00,
36,1_1,13,13:40,,,,,,13:40:00,13:40:00,0:00:00,
37,1_1,14,14:26,,,,,,14:26:00,14:26:00,0:00:00,
38,1_1,15,15:00,,,,,,15:00:00,15:00:00,0:00:00,4
39,1_1,16,14:34,,,,,,14:34:00,14:34:00,0:00:00,
40,1_1,17,13:56,,,,,,13:56:00,13:56:00,0:00:00,
41,1_1,18,14:11,,,,,,14:11:00,14:11:00,0:00:00,
42,1_1,19,,,,,,,,,,2
43,1_1,20,,,,,,,,,,5
44,1_1,21,13:49,,,,,,13:49:00,13:49:00,0:00:00,
45,1_1,22,16:12,,,,,,16:12:00,16:12:00,0:00:00,1
46,1_1,23,,,,,,,,,,
47,1_1,1,14:02,,,,,,14:02:00,14:02:00,0:00:00,
48,1_1,2,,,,,,,,,,5
49,1_1,3,14:10,,,15:50,,,14:10:00,15:50:00,1:40:00,1
50,1_1,4,14:08,,,,,,14:08:00,14:08:00,0:00:00,
51,1_1,5,13:49,,,,,,13:49:00,13:49:00,0:00:00,
52,1_1,6,14:01,,,,,,14:01:00,14:01:00,0:00:00,
53,1_1,7,13:49,,,,,,13:49:00,13:49:00,0:00:00,
54,1_1,8,13:49,,,,,,13:49:00,13:49:00,0:00:00,
55,1_1,9,14:17,,,15:27,,Calling,14:17:00,15:27:00,1:10:00,5
56,1_1,10,14:02,,,,,,14:02:00,14:02:00,0:00:00,
57,1_1,11,14:59,,,17:29,,,14:59:00,17:29:00,2:30:00,3
58,1_1,12,14:36,,,,,,14:36:00,14:36:00,0:00:00,
59,1_1,13,13:26,,,,,,13:26:00,13:26:00,0:00:00,
60,1_1,14,14:11,,,,,,14:11:00,14:11:00,0:00:00,
61,1_1,15,,,,,,,,,,2
62,1_1,16,14:23,,,,,,14:23:00,14:23:00,0:00:00,
63,1_1,17,14:07,,,,,,14:07:00,14:07:00,0:00:00,
64,1_5,18,,,,,,,,,,3
65,1_5,19,17:41,,,,,,17:41:00,17:41:00,0:00:00,3
66,1_5,20,16:09,,,15:52,,,15:52:00,16:09:00,0:17:00,3
67,1_5,21,15:26,,,16:54,,Calling,15:26:00,16:54:00,1:28:00,4
68,1_5,22,,,,,,,,,,3
69,1_5,23,16:07,,,,,,16:07:00,16:07:00,0:00:00,1
70,1_2,1,16:07,,,14:57,,,14:57:00,16:07:00,1:10:00,1
71,1_2,2,14:25,,,17:05,,,14:25:00,17:05:00,2:40:00,5
72,1_2,3,16:35,,,,,,16:35:00,16:35:00,0:00:00,3
73,1_2,4,14:44,,,15:48,,,14:44:00,15:48:00,1:04:00,5
74,1_2,5,14:56,,,,,,14:56:00,14:56:00,0:00:00,
75,1_2,6,14:56,,,15:36,,,14:56:00,15:36:00,0:40:00,1
76,1_2,7,,,,15:13,,,15:13:00,15:13:00,0:00:00,3
77,1_2,8,15:39,,,,,,15:39:00,15:39:00,0:00:00,2
78,1_2,9,16:05,,,,,,16:05:00,16:05:00,0:00:00,2
79,1_2,10,14:56,,,,,,14:56:00,14:56:00,0:00:00,
80,1_5,11,15:54,,,,,,15:54:00,15:54:00,0:00:00,2
81,1_3,12,14:03,,,,,,14:03:00,14:03:00,0:00:00,
82,1_3,13,14:31,,,,,,14:31:00,14:31:00,0:00:00,
83,1_3,14,14:14,,,17:06,,,14:14:00,17:06:00,2:52:00,5
84,1_3,15,17:37,,,16:39,,,16:39:00,17:37:00,0:58:00,5
85,1_3,16,14:38,,,15:57,,,14:38:00,15:57:00,1:19:00,5
86,1_3,17,16:29,,,,,,16:29:00,16:29:00,0:00:00,5
87,1_3,18,15:26,,,14:59,,,14:59:00,15:26:00,0:27:00,5
88,1_3,19,15:05,,,16:11,,,15:05:00,16:11:00,1:06:00,4
89,1_3,20,14:38,,,,,,14:38:00,14:38:00,0:00:00,
90,1_3,21,14:17,,,,,,14:17:00,14:17:00,0:00:00,
91,1_3,22,,,,,,,,,,5
92,1_3,23,14:03,,,,,,14:03:00,14:03:00,0:00:00,
93,1_3,1,16:49,,,,,,16:49:00,16:49:00,0:00:00,5
94,1_3,2,15:38,,,,,,15:38:00,15:38:00,0:00:00,5
95,1_3,3,14:31,,,17:28,,,14:31:00,17:28:00,2:57:00,5
96,1_3,4,,,,17:06,,,17:06:00,17:06:00,0:00:00,5
97,1_3,5,13:53,,,,,,13:53:00,13:53:00,0:00:00,
98,1_3,6,14:08,,,17:29,,,14:08:00,17:29:00,3:21:00,5
99,1_3,7,14:03,,,,,,14:03:00,14:03:00,0:00:00,
100,1_3,8,15:48,,,,,,15:48:00,15:48:00,0:00:00,5
101,1_3,9,13:51,,,,,,13:51:00,13:51:00,0:00:00,
102,1_3,10,14:36,,,16:18,,,14:36:00,16:18:00,1:42:00,5
103,1_3,11,13:58,,,,,,13:58:00,13:58:00,0:00:00,
104,1_3,12,13:57,,,17:32,,,13:57:00,17:32:00,3:35:00,4
105,1_3,13,16:00,,,,,,16:00:00,16:00:00,0:00:00,4
106,1_3,14,14:07,,,17:21,,,14:07:00,17:21:00,3:14:00,5
107,1_3,15,14:15,,,,,,14:15:00,14:15:00,0:00:00,
108,1_3,16,17:03,,,14:37,,,14:37:00,17:03:00,2:26:00,4
109,1_3,17,14:24,,,,,,14:24:00,14:24:00,0:00:00,
110,1_3,18,17:29,,,,,,17:29:00,17:29:00,0:00:00,5
111,1_3,19,13:51,,,,,,13:51:00,13:51:00,0:00:00,
112,1_3,20,15:26,,,,,,15:26:00,15:26:00,0:00:00,4
113,1_3,21,16:08,,,,,,16:08:00,16:08:00,0:00:00,4
114,1_4,22,15:48,,,17:16,,,15:48:00,17:16:00,1:28:00,5
115,1_4,23,15:01,,,,,,15:01:00,15:01:00,0:00:00,5
116,1_4,1,,,,17:14,,,17:14:00,17:14:00,0:00:00,4
117,1_4,2,16:49,,,17:27,,,16:49:00,17:27:00,0:38:00,5
118,1_4,3,,,,,,,,,,5
119,1_4,4,,,,,,,,,,5
120,1_4,5,17:39,,,17:38,,,17:38:00,17:39:00,0:01:00,5
121,1_4,6,16:57,,,17:19,,,16:57:00,17:19:00,0:22:00,5
122,1_4,7,16:34,,,,,,16:34:00,16:34:00,0:00:00,5
123,1_4,8,15:15,,,,,,15:15:00,15:15:00,0:00:00,5
124,1_4,9,,,,17:02,,,17:02:00,17:02:00,0:00:00,5
125,1_4,10,15:51,,,,,,15:51:00,15:51:00,0:00:00,5
126,1_4,11,14:45,,,,,,14:45:00,14:45:00,0:00:00,
127,1_4,12,17:44,,,,,,17:44:00,17:44:00,0:00:00,4
128,1_4,13,,,,,,,,,,5
129,1_4,14,15:56,,,,,,15:56:00,15:56:00,0:00:00,5
130,1_4,15,,,,17:24,,,17:24:00,17:24:00,0:00:00,5
131,1_4,16,,,,,,,,,,5
132,1_4,17,15:57,,,16:15,,,15:57:00,16:15:00,0:18:00,5
133,1_4,18,,,,,,,,,,5
134,1_4,19,16:27,,,,,,16:27:00,16:27:00,0:00:00,5
135,1_4,20,,,,,,,,,,5
136,1_4,21,16:32,,,,,,16:32:00,16:32:00,0:00:00,5
137,1_4,22,16:52,,,,,,16:52:00,16:52:00,0:00:00,5
138,1_5,23,14:55,,,,,,14:55:00,14:55:00,0:00:00,
139,1_5,1,16:26,,,,,,16:26:00,16:26:00,0:00:00,3
140,1_5,2,14:16,,,,,,14:16:00,14:16:00,0:00:00,
141,1_5,3,15:07,,,,,,15:07:00,15:07:00,0:00:00,1
142,1_5,4,15:59,,,15:48,,,15:48:00,15:59:00,0:11:00,3
143,1_5,5,15:08,,,,,,15:08:00,15:08:00,0:00:00,2
144,1_5,6,16:24,,,15:23,,,15:23:00,16:24:00,1:01:00,4
145,1_5,7,15:25,,,,,,15:25:00,15:25:00,0:00:00,2
146,1_5,8,14:33,,,,,,14:33:00,14:33:00,0:00:00,
147,1_5,9,15:15,,,,,,15:15:00,15:15:00,0:00:00,3
148,1_5,10,15:15,,,,,,15:15:00,15:15:00,0:00:00,2
149,1_5,11,15:54,,,,,,15:54:00,15:54:00,0:00:00,3
150,1_5,12,,,,,,,,,,3
151,1_5,13,,,,15:30,,,15:30:00,15:30:00,0:00:00,2
152,1_5,14,15:05,,,16:42,,,15:05:00,16:42:00,1:37:00,3
153,1_5,15,17:12,,,,,,17:12:00,17:12:00,0:00:00,4
154,1_5,16,15:24,,,,,,15:24:00,15:24:00,0:00:00,3
155,1_5,17,14:33,,,,,,14:33:00,14:33:00,0:00:00,
156,1_5,18,17:00,,,15:41,,,15:41:00,17:00:00,1:19:00,3
157,1_5,19,15:05,,,,,,15:05:00,15:05:00,0:00:00,4
158,1_5,20,14:58,,,,,,14:58:00,14:58:00,0:00:00,
159,1_5,21,15:37,,,,,,15:37:00,15:37:00,0:00:00,3
160,1_5,22,15:06,,,,,,15:06:00,15:06:00,0:00:00,1
161,1_5,23,14:31,,,13:49,13:57,,13:49:00,14:31:00,0:42:00,
162,1_5,1,13:52,,,,,,13:52:00,13:52:00,0:00:00,
163,1_5,2,,,,17:15,,,17:15:00,17:15:00,0:00:00,3
164,1_5,3,14:36,,,,,,14:36:00,14:36:00,0:00:00,
165,1_5,4,14:23,,,,,,14:23:00,14:23:00,0:00:00,
166,1_5,5,15:48,,,,,,15:48:00,15:48:00,0:00:00,4
167,1_5,6,15:06,,,,,,15:06:00,15:06:00,0:00:00,2
168,1_5,7,14:36,,,,,,14:36:00,14:36:00,0:00:00,
169,1_5,8,,,,,,,,,,3
170,1_5,9,15:08,,,,,,15:08:00,15:08:00,0:00:00,1
171,1_5,10,14:55,,,,,,14:55:00,14:55:00,0:00:00,
172,1_5,11,14:55,,,,,,14:55:00,14:55:00,0:00:00,
173,1_5,12,15:13,,,15:55,,,15:13:00,15:55:00,0:42:00,3
174,1_5,13,14:27,,,,,,14:27:00,14:27:00,0:00:00,
175,1_5,14,16:00,,,,,,16:00:00,16:00:00,0:00:00,1
176,1_5,15,14:13,,,18:04,,,14:13:00,18:04:00,3:51:00,2
177,1_5,16,14:06,,,,,,14:06:00,14:06:00,0:00:00,
178,1_5,17,14:19,,,15:57,,,14:19:00,15:57:00,1:38:00,1
179,1_5,18,16:17,,,14:59,,,14:59:00,16:17:00,1:18:00,3
180,1_5,19,15:46,,,,,,15:46:00,15:46:00,0:00:00,4
181,1_5,20,14:21,,,15:48,,,14:21:00,15:48:00,1:27:00,1
182,1_5,21,15:18,,,,,,15:18:00,15:18:00,0:00:00,3
183,1_5,22,16:45,,,15:47,,,15:47:00,16:45:00,0:58:00,3
184,1_5,23,14:16,,,17:02,,,14:16:00,17:02:00,2:46:00,4
185,1_5,1,16:13,,,,,,16:13:00,16:13:00,0:00:00,3
186,1_5,2,15:17,,,,,,15:17:00,15:17:00,0:00:00,3
187,1_5,3,16:08,,,15:27,,Calling,15:27:00,16:08:00,0:41:00,3
188,1_5,4,14:21,,,,,,14:21:00,14:21:00,0:00:00,
189,1_5,5,15:50,,,15:10,,,15:10:00,15:50:00,0:40:00,3
190,1_5,6,15:00,,,14:52,,,14:52:00,15:00:00,0:08:00,3
191,1_5,7,15:39,,,,,,15:39:00,15:39:00,0:00:00,3
192,1_5,8,15:39,,,,,,15:39:00,15:39:00,0:00:00,2
193,1_5,9,15:56,,,17:06,,,15:56:00,17:06:00,1:10:00,3
194,1_5,10,16:07,,,,,,16:07:00,16:07:00,0:00:00,3
195,1_5,11,16:17,,,,,,16:17:00,16:17:00,0:00:00,3
196,1_5,12,,,,,,,,,,4
197,1_5,13,14:25,,,16:39,,Calling,14:25:00,16:39:00,2:14:00,2
198,1_5,14,,,,,,,,,,2
199,1_5,15,15:31,,,17:03,,,15:31:00,17:03:00,1:32:00,1
200,1_5,16,15:13,,,14:11,,,14:11:00,15:13:00,1:02:00,4
201,1_5,17,16:14,,,,,,16:14:00,16:14:00,0:00:00,3
202,1_5,18,16:30,,,17:22,,,16:30:00,17:22:00,0:52:00,4
203,1_5,19,14:55,,,15:11,,,14:55:00,15:11:00,0:16:00,4
204,1_5,20,16:52,,,,,,16:52:00,16:52:00,0:00:00,3
205,1_5,21,17:00,,,14:24,,,14:24:00,17:00:00,2:36:00,3
206,1_5,22,15:13,,,,,,15:13:00,15:13:00,0:00:00,1
207,1_5,23,15:55,,,15:54,,,15:54:00,15:55:00,0:01:00,1
208,1_5,1,15:27,,,17:05,,,15:27:00,17:05:00,1:38:00,1
209,1_5,2,15:07,,,,,,15:07:00,15:07:00,0:00:00,4
210,1_5,3,16:34,,,,,,16:34:00,16:34:00,0:00:00,2
211,1_5,4,14:19,,,,,,14:19:00,14:19:00,0:00:00,
212,1_5,5,15:15,,,,,,15:15:00,15:15:00,0:00:00,3
213,1_5,6,14:20,,,,,,14:20:00,14:20:00,0:00:00,
214,1_5,7,16:12,,,,,,16:12:00,16:12:00,0:00:00,3
215,1_5,8,14:20,,,14:17,,,14:17:00,14:20:00,0:03:00,
216,1_6,9,16:15,,,,,,16:15:00,16:15:00,0:00:00,2
217,1_6,10,14:38,,,,,,14:38:00,14:38:00,0:00:00,
218,1_6,11,15:41,,,,,,15:41:00,15:41:00,0:00:00,2
219,1_6,12,14:03,,,,,,14:03:00,14:03:00,0:00:00,
220,1_6,13,14:25,,,,,,14:25:00,14:25:00,0:00:00,
221,1_6,14,15:22,,,,,,15:22:00,15:22:00,0:00:00,2
222,1_6,15,15:18,,,,,,15:18:00,15:18:00,0:00:00,3
223,1_6,16,14:46,,,,,,14:46:00,14:46:00,0:00:00,
224,1_6,17,15:31,,,,,,15:31:00,15:31:00,0:00:00,3
225,1_6,18,15:42,,,,,,15:42:00,15:42:00,0:00:00,3
226,1_6,19,17:20,,,17:17,,,17:17:00,17:20:00,0:03:00,4
227,1_6,20,16:38,,,,,,16:38:00,16:38:00,0:00:00,3
228,1_6,21,14:28,,,17:31,,,14:28:00,17:31:00,3:03:00,3
229,1_6,22,17:12,,,,,,17:12:00,17:12:00,0:00:00,2
230,1_6,23,14:31,,,13:43,,,13:43:00,14:31:00,0:48:00,
231,1_7,1,14:34,,,,,,14:34:00,14:34:00,0:00:00,
232,1_7,2,,,,,,,,,,5
233,1_7,3,16:07,,,,,,16:07:00,16:07:00,0:00:00,5
234,1_7,4,,,,,,,,,,4
235,1_7,5,16:13,,,,,,16:13:00,16:13:00,0:00:00,2
236,1_7,6,16:26,,,,,,16:26:00,16:26:00,0:00:00,5
237,1_7,7,16:16,,,,,,16:16:00,16:16:00,0:00:00,3
238,1_7,8,,,,,,,,,,4
239,1_7,9,15:25,,,,,,15:25:00,15:25:00,0:00:00,3
240,1_7,10,15:00,,,,,,15:00:00,15:00:00,0:00:00,2
241,1_7,11,15:38,,,,,,15:38:00,15:38:00,0:00:00,3
242,1_7,12,15:19,,,17:55,,,15:19:00,17:55:00,2:36:00,3
243,1_7,13,15:22,,,,,,15:22:00,15:22:00,0:00:00,3
244,1_7,14,16:38,,,,,,16:38:00,16:38:00,0:00:00,5
245,1_7,15,15:39,,,,,,15:39:00,15:39:00,0:00:00,3
246,1_8,16,15:25,,,,,,15:25:00,15:25:00,0:00:00,3
247,1_8,17,15:32,,,15:18,,,15:18:00,15:32:00,0:14:00,3
248,1_8,18,15:23,,,,,,15:23:00,15:23:00,0:00:00,5
249,1_8,19,16:10,,,,,,16:10:00,16:10:00,0:00:00,2
250,1_8,20,16:00,,,,,,16:00:00,16:00:00,0:00:00,1
251,1_8,21,15:31,,,13:51,,Calling,13:51:00,15:31:00,1:40:00,
252,1_8,22,,,,15:06,,,15:06:00,15:06:00,0:00:00,5
253,1_8,23,16:18,,,,,,16:18:00,16:18:00,0:00:00,5
254,1_8,1,15:38,,,15:54,,,15:38:00,15:54:00,0:16:00,5
255,1_8,2,16:07,,,14:23,,,14:23:00,16:07:00,1:44:00,5
256,1_8,3,,,,,,,,,,4
257,1_8,4,16:08,,,17:32,,,16:08:00,17:32:00,1:24:00,2
258,1_8,5,15:40,,,15:18,,,15:18:00,15:40:00,0:22:00,4
259,1_8,6,16:16,,,,,,16:16:00,16:16:00,0:00:00,5
260,1_8,7,,,,15:28,,,15:28:00,15:28:00,0:00:00,5
261,2_1,8,16:06,,,,,,16:06:00,16:06:00,0:00:00,3
262,2_1,9,,,,,,,,,,2
263,2_1,10,15:51,,,,,,15:51:00,15:51:00,0:00:00,1
264,2_1,11,15:54,,,,,,15:54:00,15:54:00,0:00:00,2
265,2_1,12,17:45,,,17:27,,,17:27:00,17:45:00,0:18:00,5
266,2_1,13,16:35,,,17:15,,,16:35:00,17:15:00,0:40:00,5
267,2_1,14,15:19,,,17:57,,,15:19:00,17:57:00,2:38:00,5
268,2_1,15,17:13,,,17:32,,,17:13:00,17:32:00,0:19:00,5
269,2_1,16,16:17,,,,,,16:17:00,16:17:00,0:00:00,5
270,2_1,17,15:25,,,,,,15:25:00,15:25:00,0:00:00,
271,2_1,18,16:00,,,17:21,,,16:00:00,17:21:00,1:21:00,2
272,2_1,19,16:52,,,,,,16:52:00,16:52:00,0:00:00,5
273,2_1,20,,,,16:37,,,16:37:00,16:37:00,0:00:00,3
274,2_1,21,,,,,,,,,,5
275,2_1,22,,,,17:30,,,17:30:00,17:30:00,0:00:00,5
276,2_2,23,,,,,,,,,,4
277,2_2,1,16:10,,,,,,16:10:00,16:10:00,0:00:00,5
278,2_2,2,,,,,,,,,,5
279,2_2,3,17:30,,,17:23,,,17:23:00,17:30:00,0:07:00,4
280,2_2,4,15:29,,,,,,15:29:00,15:29:00,0:00:00,5
281,2_2,5,17:19,,,,,,17:19:00,17:19:00,0:00:00,5
282,2_2,6,17:07,,,,,,17:07:00,17:07:00,0:00:00,5
283,2_2,7,17:41,,,,,,17:41:00,17:41:00,0:00:00,5
284,2_2,8,16:06,,,,,,16:06:00,16:06:00,0:00:00,4
285,2_2,9,16:14,,,,,,16:14:00,16:14:00,0:00:00,4
286,2_2,10,,,,,,,,,,5
287,2_2,11,15:23,,,,,,15:23:00,15:23:00,0:00:00,
288,2_2,12,16:16,,,,,,16:16:00,16:16:00,0:00:00,5
289,2_2,13,16:00,,,15:35,,,15:35:00,16:00:00,0:25:00,4
290,2_2,14,17:20,,,,,,17:20:00,17:20:00,0:00:00,5
291,2_3,15,14:58,,,17:17,,,14:58:00,17:17:00,2:19:00,5
292,2_3,16,15:05,,,,,,15:05:00,15:05:00,0:00:00,
293,2_3,17,14:34,,,17:04,,,14:34:00,17:04:00,2:30:00,5
294,2_3,18,14:30,,,,,,14:30:00,14:30:00,0:00:00,
295,2_3,19,15:20,,,,,,15:20:00,15:20:00,0:00:00,
296,2_3,20,15:23,,,,,,15:23:00,15:23:00,0:00:00,
297,2_3,21,16:32,,,16:54,,,16:32:00,16:54:00,0:22:00,5
298,2_3,22,17:35,,,,,,17:35:00,17:35:00,0:00:00,5
299,2_3,23,16:56,,,,,,16:56:00,16:56:00,0:00:00,5
300,2_3,1,15:17,,,,,,15:17:00,15:17:00,0:00:00,
301,2_3,2,14:39,,,,,,14:39:00,14:39:00,0:00:00,
302,2_3,3,15:20,,,17:05,,,15:20:00,17:05:00,1:45:00,4
303,2_3,4,15:39,,,,,,15:39:00,15:39:00,0:00:00,4
304,2_3,5,14:57,,,17:24,,,14:57:00,17:24:00,2:27:00,4
305,2_3,6,16:02,,,,,,16:02:00,16:02:00,0:00:00,5
306,2_4,7,15:47,,,,,,15:47:00,15:47:00,0:00:00,1
307,2_4,8,15:39,,,,,,15:39:00,15:39:00,0:00:00,4
308,2_4,9,15:25,,,17:21,,,15:25:00,17:21:00,1:56:00,3
309,2_4,10,17:29,,,16:18,,,16:18:00,17:29:00,1:11:00,4
310,2_4,11,16:25,,,17:29,,,16:25:00,17:29:00,1:04:00,4
311,2_4,12,14:52,,,17:08,,,14:52:00,17:08:00,2:16:00,1
312,2_4,13,17:28,,,,,,17:28:00,17:28:00,0:00:00,1
313,2_4,14,15:23,,,,,,15:23:00,15:23:00,0:00:00,
314,2_4,15,17:25,,,17:57,,,17:25:00,17:57:00,0:32:00,4
315,2_4,16,17:21,,,,,,17:21:00,17:21:00,0:00:00,5
316,2_4,17,,,,,,,,,,4
317,2_4,18,,,,16:15,,,16:15:00,16:15:00,0:00:00,4
318,2_4,19,16:20,,,16:23,,,16:20:00,16:23:00,0:03:00,1
319,2_4,20,16:52,,,,,,16:52:00,16:52:00,0:00:00,4
320,2_4,21,16:32,,,,,,16:32:00,16:32:00,0:00:00,3
321,2_5,22,17:00,,,,,,17:00:00,17:00:00,0:00:00,5
322,2_5,23,14:52,,,16:02,,,14:52:00,16:02:00,1:10:00,5
323,2_5,1,15:48,,,,,,15:48:00,15:48:00,0:00:00,5
324,2_5,2,16:52,,,,,,16:52:00,16:52:00,0:00:00,5
325,2_5,3,16:42,,,,,,16:42:00,16:42:00,0:00:00,4
326,2_5,4,16:29,,,,,,16:29:00,16:29:00,0:00:00,5
327,2_5,5,17:34,,,17:55,,,17:34:00,17:55:00,0:21:00,5
328,2_5,6,15:40,,,,,,15:40:00,15:40:00,0:00:00,5
329,2_5,7,,,,16:47,,,16:47:00,16:47:00,0:00:00,4
330,2_5,8,,,,,,,,,,4
331,2_5,9,17:27,,,,,,17:27:00,17:27:00,0:00:00,5
332,2_5,10,16:16,,,,,,16:16:00,16:16:00,0:00:00,5
333,2_5,11,17:28,,,17:08,,,17:08:00,17:28:00,0:20:00,5
334,2_5,12,17:53,,,,,,17:53:00,17:53:00,0:00:00,5
335,2_5,13,16:52,,,,,,16:52:00,16:52:00,0:00:00,5
336,2_6,14,17:34,,,,,,17:34:00,17:34:00,0:00:00,4
337,2_6,15,15:22,,,,,,15:22:00,15:22:00,0:00:00,
338,2_6,16,15:55,,,,,,15:55:00,15:55:00,0:00:00,5
339,2_6,17,17:30,,,,,,17:30:00,17:30:00,0:00:00,4
340,2_6,18,17:39,,,17:34,,,17:34:00,17:39:00,0:05:00,5
341,2_6,19,15:24,,,,,,15:24:00,15:24:00,0:00:00,
342,2_6,20,15:44,,,,,,15:44:00,15:44:00,0:00:00,5
343,2_6,21,,,,,,,,,,4
344,2_6,22,16:15,,,,,,16:15:00,16:15:00,0:00:00,4
345,2_6,23,15:24,,,,,,15:24:00,15:24:00,0:00:00,
346,2_6,1,16:12,,,17:26,,,16:12:00,17:26:00,1:14:00,1
347,2_6,2,16:15,,,17:15,,,16:15:00,17:15:00,1:00:00,5
348,2_6,3,18:01,,,,,,18:01:00,18:01:00,0:00:00,4
349,2_6,4,,,,,,,,,,1
350,2_6,5,17:19,,,17:30,,,17:19:00,17:30:00,0:11:00,4
351,2_7,6,16:02,,,,,,16:02:00,16:02:00,0:00:00,5
352,2_7,7,16:32,,,17:20,,,16:32:00,17:20:00,0:48:00,5
353,1_3,8,16:57,,,17:06,,,16:57:00,17:06:00,0:09:00,4
354,1_5,9,15:25,,,14:38,,,14:38:00,15:25:00,0:47:00,3
355,1_5,10,14:40,,,16:57,,,14:40:00,16:57:00,2:17:00,4
356,1_5,11,15:00,,,,,,15:00:00,15:00:00,0:00:00,5
357,1_5,12,15:52,,,,,,15:52:00,15:52:00,0:00:00,1
358,1_5,13,,,,17:10,,,17:10:00,17:10:00,0:00:00,3
359,1_5,14,15:22,,,,,,15:22:00,15:22:00,0:00:00,3
360,1_5,15,,,,,,,,,,4
361,1_5,16,15:55,,,,,,15:55:00,15:55:00,0:00:00,5
362,Unk,17,,,,,,,,,,5
363,Unk,18,17:36,,,16:15,,,16:15:00,17:36:00,1:21:00,5
364,Unk,19,,,,16:11,,,16:11:00,16:11:00,0:00:00,5
365,Unk,20,16:17,,,,,,16:17:00,16:17:00,0:00:00,5
366,3_1,21,16:08,,,15:22,,,15:22:00,16:08:00,0:46:00,5
367,3_1,22,15:54,,,,,,15:54:00,15:54:00,0:00:00,5
368,3_1,23,16:39,,,,,,16:39:00,16:39:00,0:00:00,5
369,3_1,1,14:22,,,17:15,,,14:22:00,17:15:00,2:53:00,5
370,3_1,2,16:07,,,,,,16:07:00,16:07:00,0:00:00,5
371,3_1,3,,,,17:18,,,17:18:00,17:18:00,0:00:00,5
372,3_1,4,15:20,,,,,,15:20:00,15:20:00,0:00:00,
373,3_1,5,,,,,,,,,,5
374,3_1,6,16:16,,,,,,16:16:00,16:16:00,0:00:00,5
375,3_1,7,,,,17:45,,,17:45:00,17:45:00,0:00:00,5
376,3_1,8,15:40,,,,,,15:40:00,15:40:00,0:00:00,5
377,3_1,9,15:47,,,,,,15:47:00,15:47:00,0:00:00,5
378,3_1,10,17:22,,,,,,17:22:00,17:22:00,0:00:00,5
379,3_1,11,14:36,,,17:30,,,14:36:00,17:30:00,2:54:00,5
380,3_1,12,,,,,,,,,,5
381,3_2,13,17:43,,,,,,17:43:00,17:43:00,0:00:00,2
382,3_2,14,14:21,,,,,,14:21:00,14:21:00,0:00:00,
383,3_2,15,17:16,,,17:21,,,17:16:00,17:21:00,0:05:00,5
384,3_2,16,16:12,,,17:00,,,16:12:00,17:00:00,0:48:00,1
385,3_2,17,16:29,,,,,,16:29:00,16:29:00,0:00:00,5
386,3_2,18,15:25,,,,,,15:25:00,15:25:00,0:00:00,
387,3_2,19,,,,17:17,,,17:17:00,17:17:00,0:00:00,5
388,3_2,20,,,,,,,,,,4
389,3_2,21,17:02,,,17:32,,,17:02:00,17:32:00,0:30:00,4
390,3_2,22,17:00,,,16:54,,,16:54:00,17:00:00,0:06:00,3
391,3_2,23,17:05,,,17:08,,,17:05:00,17:08:00,0:03:00,5
392,3_2,1,15:38,,,,,,15:38:00,15:38:00,0:00:00,3
393,3_2,2,17:22,,,,,,17:22:00,17:22:00,0:00:00,5
394,3_2,3,,,,,,,,,,3
395,3_2,4,15:39,,,,,,15:39:00,15:39:00,0:00:00,5
396,3_3,5,15:59,,,15:48,,,15:48:00,15:59:00,0:11:00,3
397,3_3,6,15:12,,,15:46,,,15:12:00,15:46:00,0:34:00,5
398,3_3,7,16:26,,,,,,16:26:00,16:26:00,0:00:00,3
399,3_3,8,16:06,,,,,,16:06:00,16:06:00,0:00:00,3
400,3_3,9,,,,,,,,,,5
401,3_3,10,16:00,,,17:03,,,16:00:00,17:03:00,1:03:00,2
402,3_3,11,16:01,,,,,,16:01:00,16:01:00,0:00:00,5
403,3_3,12,16:07,,,,,,16:07:00,16:07:00,0:00:00,5
404,3_3,13,,,,17:47,,,17:47:00,17:47:00,0:00:00,4
405,3_3,14,14:36,,,,,,14:36:00,14:36:00,0:00:00,
406,3_3,15,16:01,,,17:21,,,16:01:00,17:21:00,1:20:00,5
407,3_3,16,15:54,,,,,,15:54:00,15:54:00,0:00:00,5
408,3_3,17,17:25,,,,,,17:25:00,17:25:00,0:00:00,5
409,3_3,18,17:15,,,,,,17:15:00,17:15:00,0:00:00,5
410,3_3,19,,,,16:53,,,16:53:00,16:53:00,0:00:00,5
,1_1,,15:05,,,,,,,,,2
,1_1,,15:10,,,,,,,,,1
,1_1,,15:16,,,,,,,,,5
,1_1,,15:40,,,,,,,,,5
,1_1,,15:40,,,,,,,,,5
,1_1,,15:47,,,,,,,,,3
,1_1,,15:47,,,,,,,,,1
,1_1,,15:56,,,,,,,,,2
,1_1,,15:56,,,,,,,,,2
,1_1,,15:56,,,,,,,,,2
,1_1,,15:56,,,,,,,,,1
,1_1,,15:56,,,,,,,,,2
,1_1,,16:07,,,,,,,,,5
,1_1,,16:07,,,,,,,,,2
,1_1,,16:23,,,,,,,,,2
,1_1,,16:23,,,,,,,,,1
,1_1,,16:23,,,,,,,,,5
,1_1,,16:23,,,,,,,,,5
,1_1,,16:23,,,,,,,,,5
,1_1,,16:23,,,,,,,,,1
,1_1,,16:27,,,,,,,,,5
,1_1,,16:27,,,,,,,,,4
,1_1,,16:31,,,,,,,,,1
,1_1,,16:31,,,,,,,,,4
,1_1,,16:39,,,,,,,,,2
,1_1,,16:39,,,,,,,,,4
,1_1,,16:47,,,,,,,,,5
,1_1,,16:47,,,,,,,,,3
,1_1,,16:47,,,,,,,,,4
,1_1,,16:47,,,,,,,,,3
,1_1,,16:56,,,,,,,,,2
,1_1,,16:56,,,,,,,,,4
,1_1,,17:05,,,,,,,,,5
,1_1,,17:05,,,,,,,,,5
,1_1,,17:10,,,,,,,,,5
,1_1,,17:20,,,,,,,,,5
,1_5,,14:34,,,,,,,,,5
,1_5,,14:40,,,,,,,,,4
,1_5,,14:42,,,,,,,,,3
,1_5,,15:04,,,,,,,,,4
,1_5,,15:04,,,,,,,,,3
,1_5,,15:04,,,,,,,,,4
,1_5,,15:42,,,,,,,,,4
,1_5,,15:42,,,,,,,,,4
,1_5,,15:42,,,,,,,,,4
,1_5,,15:42,,,,,,,,,2
,1_5,,15:53,,,,,,,,,4
,1_5,,15:54,,,,,,,,,4
,1_5,,16:05,,,,,,,,,2
,1_5,,16:33,,,,,,,,,1
,1_5,,16:41,,,,,,,,,3
,1_5,,16:45,,,,,,,,,4
,1_5,,16:55,,,,,,,,,2
,1_5,,17:06,,,,,,,,,3
,R1,,15:42,,,,,,,,,5
,R1,,16:07,,,,,,,,,5
,R1,,16:07,,,,,,,,,5
,R1,,16:07,,,,,,,,,5
,R1,,16:07,,,,,,,,,5
,R1,,16:07,,,,,,,,,3
,R1,,16:25,,,,,,,,,5
,R1,,16:25,,,,,,,,,5
,R1,,16:25,,,,,,,,,4
,R1,,16:25,,,,,,,,,4
,R1,,16:25,,,,,,,,,5
,R1,,16:25,,,,,,,,,5
,R1,,16:33,,,,,,,,,1
,R1,,16:33,,,,,,,,,2
,R1,,16:33,,,,,,,,,5
,R1,,16:35,,,,,,,,,5
,R1,,16:38,,,,,,,,,5
,R1,,16:55,,,,,,,,,1
,R1,,17:20,,,,,,,,,5
,R1,,17:21,,,,,,,,,3
,R1,,17:23,,,,,,,,,4
,R2,,15:45,,,,,,,,,5
,R2,,15:45,,,,,,,,,5
,R2,,15:57,,,,,,,,,5
,R2,,15:57,,,,,,,,,3
,R2,,15:57,,,,,,,,,5
,R2,,16:33,,,,,,,,,4
,R2,,16:50,,,,,,,,,5
,R2,,16:50,,,,,,,,,5
,R2,,16:50,,,,,,,,,2
,R2,,16:50,,,,,,,,,5
,R2,,17:15,,,,,,,,,4
,R2,,17:15,,,,,,,,,5
,R3,,16:31,,,,,,,,,5
,R3,,16:41,,,,,,,,,5
,R3,,16:59,,,,,,,,,1
,R3,,17:00,,,,,,,,,5
